CML firm ID,Trading name (for display),Office,Postcode                                             (all offices)
CML-001,Talbots Law,Brierley Hill,DY5 1LX
CML-002,Poole Alcock,Brierley Hill,DY5 1LX
CML-003,Knights ,DUDLEY,DY1 1DB
CML-004,Davisons Law,HALESOWEN,B63 4PU
CML-005,Irwin Mitchell ,KIDDERMINSTER,DY10 2AX
CML-006,Shakespeare Martineau ,Wolverhampton,WV1 4NB
CML-007,HCB Solicitors ,Codsall,WV8 1BX
CML-008,Star Legal Solicitors,Birmingham,B15 1JD
CML-009,HCR Law,West Midlands,DY5 1LX
CML-010,Hine Solicitors ,Coventry,CV1 2EL
CML-011,David J Foster & Co ,Bewdley,DY12 1AB
CML-012,FBC Manby Bowdler ,Worcester,WR1 1DN
CML-013,Hill Dickinson,Telford,TF3 4NJ
CML-014,Spencer West,Market Drayton,TF9 3AF
CML-015,Weightmans ,Cannock,WS11 1LF
CML-016,Gordon & Thompson Solicitors,Leek,ST13 5AW
CML-017,NBB Waldrons Solicitors,Sandbach,CW11 1FT
CML-018,Glover Priest Solicitors ,Stoke-on-Trent,ST1 1QF
CML-019,Gunnercooke,Shrewsbury,SY1 1RY
CML-020,MFG Solicitors,Birmingham,B3 3AG
CML-021,Alsters Kelley Solicitors ,Stourbridge,DY8 1QH
CML-002,Poole Alcock,Northwich,CW9 7RA
CML-003,Knights ,Northwich,CW9 7RA
CML-004,Davisons Law,CREWE,CW2 6BP
CML-005,Irwin Mitchell ,SANDBACH,CW11 1DL
CML-006,Shakespeare Martineau ,NANTWICH,CW5 5TE
CML-007,HCB Solicitors ,Alsager,ST7 2BJ
CML-008,Star Legal Solicitors,Congleton,CW12 1DY
CML-009,HCR Law,Bristol,BS1 6DZ
CML-010,Hine Solicitors ,Birmingham,B1 2JB
CML-011,David J Foster & Co ,Coventry,CV1 2DY
CML-012,FBC Manby Bowdler ,Gloucester,GL1 2EP
CML-013,Hill Dickinson,Norwich,NR3 1YE
CML-014,Spencer West,Manchester,M3 3EB
CML-015,Weightmans ,Leicester,LE1 1QZ
CML-016,Gordon & Thompson Solicitors,Milton Keynes,MK9 2FR
CML-017,NBB Waldrons Solicitors,Telford,TF2 9TZ
CML-018,Glover Priest Solicitors ,Devon,EX1 1TS
CML-019,Gunnercooke,Chelmsford,CM1 1JR
CML-020,MFG Solicitors,Chester,CH4 9QR
CML-021,Alsters Kelley Solicitors ,Gerrards Cross,SL9 0BG
CML-022,Clarke Willmott,Warrington,WA4 6PS
CML-023,CHECK ID,Chertsey,KT16 0RS
CML-024,CHECK ID,Cardiff,CF24 0EB
CML-025,CHECK ID,Sheffield,S1 4FS
CML-026,CHECK ID,Derby,DE1 1EQ
CML-027,CHECK ID,Reading,RG2 6UU
CML-028,CHECK ID,London,WC2A 1DD
CML-029,CHECK ID,Swindon,SN5 6QR
CML-030,CHECK ID,Leeds,LS1 5AA
CML-031,CHECK ID,Nottingham,NG1 2AS
CML-032,CHECK ID,Southampton,SO15 2BG
CML-033,CHECK ID,Liverpool,L3 1BP
CML-034,CHECK ID,Henley-on-Thames,RG9 1HG
CML-035,CHECK ID,Hull,HU1 3ES
CML-036,CHECK ID,Preston,PR2 2YB
CML-037,CHECK ID,Northampton,NN4 7PA
CML-038,CHECK ID,Bournemouth,BH8 8GS
CML-039,CHECK ID,Luton,LU1 3PE
CML-040,CHECK ID,Plymouth,PL4 0HP
CML-041,CHECK ID,Sunderland,SR3 3XW
CML-042,CHECK ID,Newcastle upon Tyne,NE1 1EE
CML-043,CHECK ID,Swansea,SA1 3LW
CML-044,CHECK ID,Peterborough,PE1 5DD
CML-045,CHECK ID,Cambridge,CB1 1BH
CML-046,CHECK ID,Bath,BA1 1RG
CML-047,CHECK ID,Middlesborough,TS17 6PT
CML-048,CHECK ID,Ipswich,IP1 1UR
CML-049,CHECK ID,Folkestone,CT19 4RH
CML-050,CHECK ID,Portsmouth,PO6 3EZ
CML-051,CHECK ID,York,YO30 4XL
CML-052,CHECK ID,Lincoln,LN6 7YT
CML-053,CHECK ID,Guildford,GU1 4AR
CML-054,CHECK ID,Brighton,BN1 3XF
CML-055,CHECK ID,Nantwich,CW5 5AS
CML-056,CHECK ID,Chichester,PO19 8FY
CML-057,CHECK ID,Crawley,RH10 1JH
CML-058,CHECK ID,Basingstoke,RG24 8UP
CML-059,CHECK ID,Salisbury,SP1 1EY
CML-060,CHECK ID,Tunbridge Wells,TN1 1DJ
CML-061,CHECK ID,Newbury,RG14 1JB
CML-062,CHECK ID,Oxford,OX4 4GP
CML-063,CHECK ID,Dartford,DA2 6QD
CML-064,CHECK ID,Brentwood,CM13 3FR
CML-065,CHECK ID,St. Albans,AL1 3TF
CML-066,CHECK ID,Chippenham,SN14 0GT
CML-067,CHECK ID,Weymouth,DT4 7BS
CML-068,CHECK ID,Woking,GU21 6BG
CML-069,CHECK ID,winchester,SO23 0LD
CML-070,CHECK ID,Leamington Spa,CV34 6TT
CML-071,CHECK ID,Huntingdon,PE29 6FN
CML-072,CHECK ID,Andover,SP10 3FG
CML-073,CHECK ID,Horsham,RH12 1TL
CML-074,CHECK ID,Windsor,SL4 1TX
CML-075,CHECK ID,Maidenhead,SL6 4FJ
CML-076,CHECK ID,Aylesbury,HP19 8DB
CML-077,CHECK ID,High Wycombe,HP11 1JU
CML-078,CHECK ID,Welwyn Garden City,AL7 1TW
CML-079,CHECK ID,Hemel Hempstead,HP2 7TG
CML-080,CHECK ID,Farnborough,GU14 7JF
CML-081,CHECK ID,Wilmslow,SK9 4LY
CML-082,CHECK ID,Haywards Heath,RH16 1UA
CML-083,CHECK ID,Waterlooville,PO7 7TH
CML-084,CHECK ID,Altrincham,WA14 4DZ
CML-085,CHECK ID,Northampton,NN15 6XR
CML-086,CHECK ID,Shoreham by the Sea,BN43 5EG
CML-087,CHECK ID,West Malling,ME19 4AE
CML-088,CHECK ID,Romsey,SO51 9AQ
CML-089,CHECK ID,Ashford,TN24 8DF
CML-090,CHECK ID,Slough,SL1 1FQ
CML-091,CHECK ID,Potters Bar,EN6 5BS
CML-092,CHECK ID,Walton-on-Thames,KT12 1RZ
CML-093,CHECK ID,Chepstow,NP16 5UH
CML-094,CHECK ID,Gosport,PO13 0FQ
CML-095,CHECK ID,Harpeden,AL5 4US
CML-096,CHECK ID,Manchester,M20 2YY
CML-097,CHECK ID,Leatherhead,KT22 7PL
CML-098,CHECK ID,Evesham,WR11 1GP
CML-099,CHECK ID,Solihull,B90 8AG
CML-100,CHECK ID,Hitchin,SG4 0TY
CML-101,CHECK ID,Surrey,RH1 1SG
CML-102,CHECK ID,Redhill,RH1 1QZ
CML-003,Knights ,Newcastle-Under-Lyme,ST5 0QW
CML-003,Knights ,York,YO1 6AB
CML-003,Knights ,Leicester,LE1 1QH
CML-003,Knights ,Manchester,M2 3AA
CML-003,Knights ,Birmingham,B3 3AX
CML-003,Knights ,CHESTER,CH1 2NP
CML-003,Knights ,Cheltenham,GL50 3SH
CML-003,Knights ,Kings Hill,ME19 4AJ
CML-003,Knights ,Leeds,LS1 2EF
CML-003,Knights ,Nottingham,NG2 1AS
CML-003,Knights ,Wilmslow,SK9 1DL
CML-003,Knights ,Oxford,OX2 0PH
CML-003,Knights ,Exeter,EX1 1TS
CML-003,Knights ,Weybridge,KT15 2HJ
CML-003,Knights ,Stockton-on-Tees,TS18 3NB
CML-003,Knights ,Lincoln,LN6 3SE
CML-003,Knights ,Brighton,BN2 0AT
CML-003,Knights ,Portsmouth,PO6 3EN
CML-003,Knights ,Carlisle,CA3 0JW
CML-003,Knights ,Newcastle upon Tyne,NE1 6QF
CML-003,Knights ,Sheffield,S1 2JF
CML-003,Knights ,Worcester,WR5 1JR
CML-003,Knights ,Solihull,B91 3DA
CML-003,Knights ,Bristol,BS1 6AX
CML-003,Knights ,Uxbridge,UB8 1HE
CML-003,Knights ,Beaconsfield,HP9 2SF
CML-003,Knights ,Reading,RG1 3BE
CML-003,Knights ,Colchester,CO3 3WG
CML-003,Knights ,Chelmsford,CM1 1SW
CML-003,Knights ,Cardiff,CF24 0EB
CML-004,Davisons Law,BIRMINGHAM,B15 1TH
CML-004,Davisons Law,Stratford-upon-Avon,CV37 6NE
CML-004,Davisons Law,Wolverhampton,WV1 4DJ
CML-004,Davisons Law,Solihull,B91 3DA
CML-004,Davisons Law,BIRMINGHAM,B29 5HS
CML-004,Davisons Law,BIRMINGHAM,B30 3AS
CML-004,Davisons Law,Sutton Coldfield,B74 2UH
CML-004,Davisons Law,BIRMINGHAM,B3 2AP
CML-004,Davisons Law,Stafford,ST17 4AU
CML-004,Davisons Law,London,SW16 1HS
CML-004,Davisons Law,LICHFIELD,WS13 6LL
CML-004,Davisons Law,Leamington Spa,CV32 4LN
CML-004,Davisons Law,Coventry,CV1 1EX
CML-004,Davisons Law,Cheltenham,GL54 1AQ
CML-004,Davisons Law,Market Harborough,LE16 7AF
CML-004,Davisons Law,Leamington Spa,CV32 4AE
CML-004,Davisons Law,Bridgend,CF31 1BL
CML-004,Davisons Law,Cannock,WS11 0DP
CML-004,Davisons Law,Cardiff,CF10 4LN
CML-004,Davisons Law,Birmingham,B15 1TH
CML-004,Davisons Law,Rugby,CV21 3DU
CML-004,Davisons Law,Coventry,CV1 1ET
CML-004,Davisons Law,Stratford-upon-Avon,CV37 6JF
CML-005,Irwin Mitchell ,SHEFFIELD,S3 8DT
CML-005,Irwin Mitchell ,SHEFFIELD,S3 8NH
CML-005,Irwin Mitchell ,Leeds,LS1 4BZ
CML-005,Irwin Mitchell ,NEWCASTLE UPON TYNE,NE1 4TD
CML-005,Irwin Mitchell ,Glasgow,G2 5RZ
CML-005,Irwin Mitchell ,Bristol,BS2 0JA
CML-005,Irwin Mitchell ,London,EC4Y 0AY
CML-005,Irwin Mitchell ,MANCHESTER,M2 3AF
CML-005,Irwin Mitchell ,Newbury,RG14 1JB
CML-005,Irwin Mitchell ,Reading,RG1 3EU
CML-005,Irwin Mitchell ,Crawley,RH10 9LU
CML-005,Irwin Mitchell ,Southampton,SO15 2DP
CML-005,Irwin Mitchell ,Chichester,PO19 1UF
CML-005,Irwin Mitchell ,Cambridge,CB1 2JD
CML-005,Irwin Mitchell ,Middlesbrough,TS1 2RQ
CML-005,Irwin Mitchell ,Liverpool,L3 9AG
CML-005,Irwin Mitchell ,Cardiff,CF11 9HA
CML-005,Irwin Mitchell ,Birmingham,B4 6AH
CML-005,Irwin Mitchell ,Brighton,BN1 4AW
CML-005,Irwin Mitchell ,Edinburgh,EH2 4DB
CML-005,Irwin Mitchell ,Nottingham,NG1 5FS
CML-005,Irwin Mitchell ,Richmond,DL10 5HG
CML-005,Irwin Mitchell ,Crawley,EC4Y 0AY
CML-006,Shakespeare Martineau ,Birmingham,B4 6AA
CML-006,Shakespeare Martineau ,Leicester,LE1 1QH
CML-006,Shakespeare Martineau ,London,SE1 9SG
CML-006,Shakespeare Martineau ,Milton Keynes,MK9 1HL
CML-006,Shakespeare Martineau ,NOTTINGHAM,NG2 3DQ
CML-006,Shakespeare Martineau ,STRATFORD-UPON-AVON,CV37 6YX
CML-006,Shakespeare Martineau ,Sheffield,S1 4FS
CML-006,Shakespeare Martineau ,Bristol,BS1 6DZ
CML-006,Shakespeare Martineau ,Lincoln,LN5 7EQ
CML-006,Shakespeare Martineau ,Edinburgh,EH2 1JE
CML-006,Shakespeare Martineau ,Oxford,OX4 4GP
CML-006,Shakespeare Martineau ,Southampton,SO16 7NP
CML-006,Shakespeare Martineau ,Chichester,PO19 1PH
CML-006,Shakespeare Martineau ,Storrington,RH20 4DU
CML-006,Shakespeare Martineau ,Eastbourne,BN21 4QT
CML-006,Shakespeare Martineau ,Crawley,RH10 8JE
CML-006,Shakespeare Martineau ,Lewes,BN7 1JU
CML-006,Shakespeare Martineau ,Brighton,BN1 1NH
CML-006,Shakespeare Martineau ,East Grinstead,RH19 3BJ
CML-006,Shakespeare Martineau ,Seaford,BN25 1RS
CML-006,Shakespeare Martineau ,Leeds,LS1 4AP
CML-006,Shakespeare Martineau ,Tunbridge Wells,TN1 1NU
CML-007,HCB Solicitors ,Solihull,B91 3DA
CML-007,HCB Solicitors ,Redditch,B98 9HN
CML-007,HCB Solicitors ,LICHFIELD,WS13 6AA
CML-007,HCB Solicitors ,WALSALL,WS1 1TJ
CML-007,HCB Solicitors ,Sutton Coldfield,B72 1RT
CML-007,HCB Solicitors ,Leigh,WN7 4LP
CML-007,HCB Solicitors ,Wigan,WN1 1NZ
CML-007,HCB Solicitors ,Warrington,WA1 1SL
CML-007,HCB Solicitors ,Bolton,BL5 3AG
CML-007,HCB Solicitors ,Manchester,M45 6AD
CML-007,HCB Solicitors ,Manchester,M28 3ZG
CML-007,HCB Solicitors ,Bedford,MK40 3JY
CML-007,HCB Solicitors ,Northampton,NN1 1JX
CML-007,HCB Solicitors ,Luton,LU2 7UY
CML-007,HCB Solicitors ,Leicester,LE1 6AS
CML-007,HCB Solicitors ,Harrow,HA3 8RR
CML-007,HCB Solicitors ,Evesham,WR11 4RY
CML-007,HCB Solicitors ,Alcester,B49 5DP
CML-008,Star Legal Solicitors,Bristol,BS8 1AT
CML-008,Star Legal Solicitors,Swindon,SN1 3EY
CML-008,Star Legal Solicitors,Bristol,BS8 1AT
CML-008,Star Legal Solicitors,Bristol,BS16 3XB
CML-008,Star Legal Solicitors,Chepstow,NP16 5LN
CML-008,Star Legal Solicitors,Abergavenny,NP7 5ER
CML-008,Star Legal Solicitors,Bristol,BS48 1AH
CML-008,Star Legal Solicitors,Bristol,BS32 8EJ
CML-008,Star Legal Solicitors,Thornbury,BS35 2AJ
CML-008,Star Legal Solicitors,Walsall,WS1 3QD
CML-008,Star Legal Solicitors,Aldridge,WS9 8PT
CML-008,Star Legal Solicitors,Wokingham,RG40 1XP
CML-008,Star Legal Solicitors,Haverfordwest,SA61 2BW
CML-008,Star Legal Solicitors,BRISTOL,BS9 3DZ
CML-008,Star Legal Solicitors,Tewkesbury,GL205AB
CML-008,Star Legal Solicitors,Clevedon,BS21 7QH
CML-008,Star Legal Solicitors,Bromsgrove,B61 8DQ
CML-008,Star Legal Solicitors,"Tiverton, Devon",EX16 6AH
CML-009,HCR Law,Worcester,WR1 2HW
CML-009,HCR Law,Worcester,WR1 2HW
CML-009,HCR Law,London,EC3M 7DQ
CML-009,HCR Law,Birmingham,B3 2DX
CML-009,HCR Law,Cambridge,CB1 2JH
CML-009,HCR Law,Cardiff,CF10 1DY
CML-009,HCR Law,Northampton,NN1 5GE
CML-009,HCR Law,Cheltenham,GL50 1YD
CML-009,HCR Law,Ross-on-Wye,HR9 7US
CML-009,HCR Law,Hereford,HR4 9AR
CML-009,HCR Law,Reading,RG1 1PL
CML-009,HCR Law,Norwich,NR1 3DT
CML-009,HCR Law,Leamington Spa,CV34 6BF
CML-009,HCR Law,Shrewsbury,SY1 1JZ
CML-010,Hine Solicitors ,BEACONSFIELD,HP9 2HB
CML-010,Hine Solicitors ,WORCESTER,WR1 1HB
CML-010,Hine Solicitors ,WOLVERHAMPTON,WV1 4EG
CML-010,Hine Solicitors ,SWINDON,SN1 5ED
CML-010,Hine Solicitors ,BRISTOL,BS32 4AQ
CML-010,Hine Solicitors ,BOREHAMWOOD,WD6 1QQ
CML-010,Hine Solicitors ,BIRMINGHAM,B42 1LR
CML-010,Hine Solicitors ,TELFORD,TF3 3BQ
CML-010,Hine Solicitors ,OXFORD,OX2 7JF
CML-010,Hine Solicitors ,CHELTENHAM,GL52 2EX
CML-010,Hine Solicitors ,BRACKNELL,RG12 1WA
CML-010,Hine Solicitors ,WEST DRAYTON,UB7 8EX
CML-010,Hine Solicitors ,GERRARDS CROSS,SL9 7AF
CML-010,Hine Solicitors ,Aylesbury,HP20 2RQ
CML-011,David J Foster & Co ,Tamworth,B79 7HL
CML-011,David J Foster & Co ,TAMWORTH,B78 1DR
CML-011,David J Foster & Co ,Wallsall,WS1 3QD
CML-011,David J Foster & Co ,Birmingham,B36 0JG
CML-011,David J Foster & Co ,Norwich,NR1 1LG
CML-011,David J Foster & Co ,Preston,PR2 9YW
CML-011,David J Foster & Co ,Hertford,SG13 8EQ
CML-011,David J Foster & Co ,Solihull,B90 3AY
CML-011,David J Foster & Co ,Alfreton,DE55 7BQ
CML-011,David J Foster & Co ,London,WC1V 6HG
CML-011,David J Foster & Co ,Bristol,BS32 8EF
CML-012,FBC Manby Bowdler ,WOLVERHAMPTON,WV2 4DN
CML-012,FBC Manby Bowdler ,Wolverhampton,WV2 4DN
CML-012,FBC Manby Bowdler ,Shrewsbury,SY2 6LG
CML-012,FBC Manby Bowdler ,Church Stretton,SY6 6BU
CML-012,FBC Manby Bowdler ,Telford,TF3 4NJ
CML-012,FBC Manby Bowdler ,Redditch,B97 4AD
CML-012,FBC Manby Bowdler ,Solihull,B93 0LL
CML-012,FBC Manby Bowdler ,Birmingham,B3 2PW
CML-012,FBC Manby Bowdler ,Rowley Regis,B65 0DH
CML-012,FBC Manby Bowdler ,Halesowen,B63 3BU
CML-013,Hill Dickinson,LIVERPOOL,L3 9SJ
CML-013,Hill Dickinson,Manchester,M2 5WD
CML-013,Hill Dickinson,Leeds,LS1 4AP
CML-013,Hill Dickinson,London,SW1X 0NA
CML-013,Hill Dickinson,LONDON,EC2A 2EW
CML-013,Hill Dickinson,Newcastle upon Tyne,NE1 8AP
CML-013,Hill Dickinson,Birmingham,B3 2PW
CML-014,Spencer West,London,EC1Y 4TW
CML-014,Spencer West,Edinburgh,EH1 3QB
CML-014,Spencer West,Birmingham,B3 3AG
CML-014,Spencer West,Birmingham,B3 3AG
CML-014,Spencer West,Chepstow,NP16 5DB
CML-015,Weightmans ,Liverpool,L3 9QJ
CML-015,Weightmans ,LEICESTER,LE1 6TR
CML-015,Weightmans ,Birmingham,B3 3AG
CML-015,Weightmans ,Glasgow,G2 7NQ
CML-015,Weightmans ,MANCHESTER,M3 3EB
CML-015,Weightmans ,London,EC3M 5JG
CML-015,Weightmans ,Newcastle upon Tyne,NE1 4AD
CML-015,Weightmans ,Leeds,LS1 4BN
CML-015,Weightmans ,Caerdydd,CF24 0EB
CML-015,Weightmans ,Nottingham,NG1 6GN
CML-016,Gordon & Thompson Solicitors,London,SE18 7DY
CML-016,Gordon & Thompson Solicitors,London,SE18 7DY
CML-016,Gordon & Thompson Solicitors,Maidstone,ME14 5EG
CML-016,Gordon & Thompson Solicitors,Coventry,CV6 5SF
CML-016,Gordon & Thompson Solicitors,London,W1S 1BN
CML-016,Gordon & Thompson Solicitors,London,SE18 6PF
CML-016,Gordon & Thompson Solicitors,London,SE18 1SL
CML-016,Gordon & Thompson Solicitors,Bromley,BR1 3NH
CML-016,Gordon & Thompson Solicitors,Manchester,M1 4HT
CML-017,NBB Waldrons Solicitors,Merry Hill,DY5 1XL
CML-017,NBB Waldrons Solicitors,WALSALL,WS1 1NS
CML-017,NBB Waldrons Solicitors,DUDLEY,DY1 1RR
CML-017,NBB Waldrons Solicitors,KINGSWINFORD,DY6 8AD
CML-017,NBB Waldrons Solicitors,Worcester,WR1 2HZ
CML-017,NBB Waldrons Solicitors,Cheltenham,GL50 1JN
CML-017,NBB Waldrons Solicitors,Birmingham,B17 9NT
CML-017,NBB Waldrons Solicitors,London,WC1R 4BU
CML-017,NBB Waldrons Solicitors,Birmingham,B17 9NT
CML-018,Glover Priest Solicitors ,BIRMINGHAM,B14 7DY
CML-018,Glover Priest Solicitors ,Lichfield,WS13 6AA
CML-018,Glover Priest Solicitors ,Tamworth,B79 7JS
CML-018,Glover Priest Solicitors ,WELLINGBOROUGH,NN8 1BS
CML-018,Glover Priest Solicitors ,Stourbridge,DY8 1QL
CML-018,Glover Priest Solicitors ,BIRMINGHAM,B32 1AD
CML-018,Glover Priest Solicitors ,Birmingham,B43 7EX
CML-018,Glover Priest Solicitors ,Market Harborough,LE16 7QU
CML-019,Gunnercooke,London,EC3V 3ND
CML-019,Gunnercooke,Manchester,M2 4PD
CML-019,Gunnercooke,Leeds,LS1 1BA
CML-019,Gunnercooke,Birmingham,B3 2AA
CML-019,Gunnercooke,Edinburgh,EH2 3BU
CML-019,Gunnercooke,Glasgow,G1 1RE
CML-019,Gunnercooke,London,W1H 7AL
CML-020,MFG Solicitors,KIDDERMINSTER,DY10 2SH
CML-020,MFG Solicitors,KIDDERMINSTER,DY14 8BX
CML-020,MFG Solicitors,Birmingham,B2 5TB
CML-020,MFG Solicitors,TELFORD,TF3 4LX
CML-020,MFG Solicitors,WORCESTER,WR1 1HD
CML-020,MFG Solicitors,BROMSGROVE,B61 8AJ
CML-020,MFG Solicitors,LUDLOW,SY8 1DE
CML-020,MFG Solicitors,Brierley Hill,DY5 1XN
CML-021,Alsters Kelley Solicitors ,LEAMINGTON SPA,CV32 4LY
CML-021,Alsters Kelley Solicitors ,Coventry,CV1 2NU
CML-021,Alsters Kelley Solicitors ,Southam,CV47 0HA
CML-021,Alsters Kelley Solicitors ,Nuneaton,CV11 5QJ
CML-021,Alsters Kelley Solicitors ,Stratford-upon-Avon,CV37 6HG
CML-021,Alsters Kelley Solicitors ,Banbury,OX16 9RU
CML-021,Alsters Kelley Solicitors ,Banbury,OX16 9RU
CML-022,Clarke Willmott,Southampton,SO30 2AF
CML-022,Clarke Willmott,Cardiff,CF10 5BT
CML-022,Clarke Willmott,MANCHESTER,M2 2BY
CML-022,Clarke Willmott,Bristol,BS2 0JJ
CML-022,Clarke Willmott,TAUNTON,TA1 2PG
CML-022,Clarke Willmott,London,EC3A 6AB
CML-022,Clarke Willmott,Birmingham,B3 2BJ